product_id,name,brand,model_no,category,size,release_price,last_price,lowest_ask,highest_bid,trades,wishes
,Nike Dunk Low Retro White Black,Nike,DD1391-100,신발,,129000,135000,138000,130000,1850,98000
,Jordan 1 Retro High OG Chicago Lost & Found,Jordan,DZ5485-612,신발,260,209000,455000,469000,441000,180,75000
,Jordan 1 Retro High OG Chicago Lost & Found,Jordan,DZ5485-612,신발,270,209000,488000,499000,470000,240,75000
,Jordan 1 Retro High OG Chicago Lost & Found,Jordan,DZ5485-612,신발,280,209000,430000,445000,415000,150,75000
,New Balance 2002R Protection Pack Rain Cloud,New Balance,M2002RDA,신발,,189000,268000,275000,259000,960,64000
,Adidas Samba OG Cloud White,Adidas,B75806,신발,,139000,189000,195000,182000,1320,88000
,Travis Scott x Jordan 1 Low OG Reverse Mocha,Jordan,DM7866-162,신발,,199000,1050000,1090000,1010000,95,52000
,Jordan 4 Retro Black Cat,Jordan,FV5029-010,신발,,259000,398000,409000,385000,410,47000
,New Balance 990v6 Grey,New Balance,M990GL6,신발,,259000,289000,299000,279000,230,21000
,Nike Air Force 1 '07 White,Nike,CW2288-111,신발,,139000,129000,133000,125000,2100,120000
,Asics Gel-1130 White Pure Silver,Asics,1201A256-118,신발,,139000,239000,245000,231000,780,58000
,Salomon XT-6 Black,Salomon,L41086600,신발,,260000,255000,262000,246000,310,33000
