model_no,size,store,currency,price,local_shipping,intl_shipping_usd,url
DD1391-100,,Nike US,USD,115,0,,https://www.nike.com/w?q=DD1391-100
DD1391-100,,StockX,USD,105,14,,https://stockx.com/search?s=DD1391-100
DZ5485-612,260,StockX,USD,180,14,,https://stockx.com/search?s=DZ5485-612
DZ5485-612,270,StockX,USD,185,14,,https://stockx.com/search?s=DZ5485-612
DZ5485-612,280,GOAT,USD,210,15,,https://www.goat.com/search?query=DZ5485-612
M2002RDA,,StockX,USD,128,14,,https://stockx.com/search?s=M2002RDA
M2002RDA,,SNKRDUNK,JPY,14800,0,,https://snkrdunk.com/search?keywords=M2002RDA
B75806,,adidas US,USD,100,0,,https://www.adidas.com/us/search?q=B75806
DM7866-162,,StockX,USD,480,14,,https://stockx.com/search?s=DM7866-162
FV5029-010,,StockX,USD,215,14,,https://stockx.com/search?s=FV5029-010
M990GL6,,New Balance US,USD,199.99,0,,https://www.newbalance.com/search?q=M990GL6
CW2288-111,,Nike US,USD,115,0,,https://www.nike.com/w?q=CW2288-111
1201A256-118,,StockX,USD,105,14,,https://stockx.com/search?s=1201A256-118
1201A256-118,,ASICS US (세일),USD,72,0,,https://www.asics.com/us/en-us/search?q=1201A256-118
L41086600,,SSENSE,USD,200,0,,https://www.ssense.com/en-us/search?q=L41086600
