date,list,rank,ticker,name,price,score,box_low,box_high
2026-10-09,accum,1,ENTX,Entera Bio Ltd.,2.6600000858306885,2.494824892537127,,
2026-10-09,accum,2,AOUT,"American Outdoor Brands, Inc.",16.5,2.385028320540296,,
2026-10-09,accum,3,DLTH,Duluth Holdings Inc.,3.9000000953674316,2.307428738111566,,
2026-10-09,accum,4,HGTY,"Hagerty, Inc.",14.210000038146973,2.2227616734951963,,
2026-10-09,accum,5,SY,So-Young International Inc. - A,2.490000009536743,2.014442009215243,,
2026-10-09,accum,6,KLTR,"Kaltura, Inc.",1.3200000524520874,1.8138176107846984,,
2026-10-09,accum,7,FMAO,"Farmers & Merchants Bancorp, In",34.54999923706055,1.6875142859526506,,
2026-10-09,accum,8,INDP,"Indaptus Therapeutics, Inc.",2.509999990463257,1.6616325069011169,,
2026-10-09,accum,9,BHC,Bausch Health Companies Inc.,6.039999961853027,1.6579226122697552,,
2026-10-09,accum,10,CHPT,"ChargePoint Holdings, Inc.",7.920000076293945,1.6560562696180072,,
2026-10-09,accum,11,ANGI,Angi Inc.,6.590000152587891,1.6366055422829417,,
2026-10-09,accum,12,DXYZ,Destiny Tech100 Inc.,30.739999771118164,1.6261844930782143,,
2026-10-09,accum,13,GRVY,"GRAVITY Co., Ltd.",66.87000274658203,1.6227351913191679,,
2026-10-09,accum,14,OGI,Organigram Global Inc.,0.9589999914169312,1.5874294263820814,,
2026-10-09,accum,15,KFRC,"Kforce, Inc.",51.279998779296875,1.562739069849481,,
2026-10-09,accum,16,JOYY,JOYY Inc.,81.05000305175781,1.5585191137843852,,
2026-10-09,accum,17,SION,"Sionna Therapeutics, Inc.",4.900000095367432,1.5424467800175168,,
2026-10-09,accum,18,GCBC,"Greene County Bancorp, Inc.",33.650001525878906,1.5396650163008554,,
2026-10-09,accum,19,INFU,"InfuSystems Holdings, Inc.",13.5600004196167,1.5377631201210409,,
2026-10-09,accum,20,FNWD,Finward Bancorp,41.16999816894531,1.5372321132894846,,
2026-10-09,accum,21,CFFI,C&F Financial Corporation,101.38999938964844,1.5341983428466144,,
2026-10-09,accum,22,KNSA,Kiniksa Pharmaceuticals Interna,79.77999877929688,1.4925077220461833,,
2026-10-09,accum,23,TBBB,BBB Foods Inc.,55.59000015258789,1.4587942971659813,,
2026-10-09,accum,24,AUDC,AudioCodes Ltd.,11.390000343322754,1.4460987388606494,,
2026-10-09,accum,25,PODD,Insulet Corporation,135.27999877929688,1.4384810253723903,,
2026-10-09,accum,26,CHT,"Chunghwa Telecom Co., Ltd.",45.9900016784668,1.4360184973420866,,
2026-10-09,accum,27,BNC,BNB Standard Corporation,5.260000228881836,1.4262546246064038,,
2026-10-09,accum,28,HRTG,"Heritage Insurance Holdings, In",34.83000183105469,1.4188884058739824,,
2026-10-09,accum,29,CLDT,Chatham Lodging Trust (REIT),13.609999656677246,1.4087834800394792,,
2026-10-09,accum,30,OTLY,Oatly Group AB,10.59000015258789,1.4041103862383462,,
2026-10-09,accum,31,ROOT,"Root, Inc.",49.130001068115234,1.378512171003399,,
2026-10-09,accum,32,CMRC,"Commerce.com, Inc. - Series 1",3.4800000190734863,1.3720182754526096,,
2026-10-09,accum,33,JILL,"J. Jill, Inc.",24.510000228881836,1.3678044504508988,,
2026-10-09,accum,34,IBTA,"Ibotta, Inc.",43.06999969482422,1.3552778895851467,,
2026-10-09,accum,35,SXT,Sensient Technologies Corporati,130.3699951171875,1.3535064630799127,,
2026-10-09,accum,36,TK,Teekay Corporation Ltd.,15.270000457763672,1.3434905829918018,,
2026-10-09,accum,37,TX,Ternium S.A. Ternium S.A.,58.18000030517578,1.34175820283564,,
2026-10-09,accum,38,FULC,"Fulcrum Therapeutics, Inc.",3.7699999809265137,1.3371384015303533,,
2026-10-09,accum,39,PCYO,Pure Cycle Corporation,11.109999656677246,1.334881473062081,,
2026-10-09,accum,40,PHOE,Phoenix Asia Holdings Limited,17.510000228881836,1.3331116961995864,,
2026-10-09,box,1,AVBP,"ArriVent BioPharma, Inc.",16.729999542236328,87.35396630458914,15.799999713897705,34.7400016784668
2026-10-09,box,2,KRUS,"Kura Sushi USA, Inc.",40.529998779296875,80.94210874913215,41.47999954223633,95.69000244140625
2026-10-09,box,3,ONT,"Onterris, Inc.",13.8100004196167,78.98871408994897,14.579999923706055,25.829999923706055
2026-10-09,box,4,PACK,Ranpak Holdings Corp,3.7100000381469727,74.1836414388767,3.240000009536743,7.8399999141693115
2026-10-09,box,5,ZUMZ,Zumiez Inc.,14.479999542236328,72.77834534249982,13.259999752044678,28.655000686645508
2026-10-09,box,6,DMRA,"Damora Therapeutics, Inc.",21.079999923706055,71.74809300944553,19.809999465942383,32.0
2026-10-09,box,7,VKTX,"Viking Therapeutics, Inc.",28.510000228881836,70.50750683465225,28.399999618530273,40.779998779296875
2026-10-09,box,8,WGS,GeneDx Holdings Corp.,67.33000183105469,70.35663906402755,57.09000015258789,104.94999694824219
2026-10-09,box,9,CRNC,Cerence Inc.,8.430000305175781,69.92146839047612,7.570000171661377,13.100000381469727
2026-10-09,box,10,AZ,A2Z Cust2Mate Solutions Corp.,5.769999980926514,69.88543683642357,5.309999942779541,7.734999895095825
2026-10-09,box,11,ALTI,"AlTi Global, Inc.",2.609999895095825,67.89896997868928,2.709999918937683,4.880000114440918
2026-10-09,box,12,NFGC,New Found Gold Corp,1.5700000524520874,67.8835512694787,1.5399999618530273,2.75
2026-10-09,box,13,AVTX,"Avalo Therapeutics, Inc.",13.649999618530273,66.98577729972942,13.420000076293945,19.0
2026-10-09,box,14,MAX,"MediaAlpha, Inc.",10.09000015258789,66.74026990355665,7.819999933242798,16.229999542236328
2026-10-09,box,15,GOTU,Gaotu Techedu Inc.,2.75,66.67379419931551,2.3399999141693115,4.380000114440918
2026-10-09,box,16,UAA,"Under Armour, Inc.",4.929999828338623,66.56790140948688,4.605000019073486,7.429999828338623
2026-10-09,box,17,CNL,Collective Mining Ltd.,12.0600004196167,66.20666516353663,11.739999771118164,20.28499984741211
2026-10-09,box,18,NEOV,NeoVolta Inc.,2.609999895095825,65.61498145068143,1.9700000286102295,4.605000019073486
2026-10-09,box,19,FULC,"Fulcrum Therapeutics, Inc.",3.7699999809265137,65.5574998478378,2.9700000286102295,9.194999694824219
2026-10-09,box,20,METC,"Ramaco Resources, Inc.",8.699999809265137,65.35910373661592,8.0,16.826743125915527
2026-10-09,box,21,NRGV,"Energy Vault Holdings, Inc.",3.25,65.06885539918231,3.0199999809265137,4.769999980926514
2026-10-09,box,22,SIGA,SIGA Technologies Inc.,3.2799999713897705,64.3241826308788,3.732997179031372,8.547940254211426
2026-10-09,box,23,HIVE,HIVE Digital Technologies Ltd,2.5,64.17454273756371,2.5749999284744263,4.900000095367432
2026-10-09,box,24,DYN,"Dyne Therapeutics, Inc.",16.639999389648438,63.956766483342705,15.199999809265137,23.2450008392334
2026-10-09,box,25,ZH,Zhihu Inc.,3.4700000286102295,62.81001698482932,2.8899999856948853,5.789999961853027
2026-10-09,box,26,SHAK,"Shake Shack, Inc.",66.9000015258789,62.082484772171625,65.36499977111816,124.01499557495117
2026-10-09,box,27,ALOY,REalloys Inc.,7.320000171661377,61.87091054839578,7.950000286102295,14.180000305175781
2026-10-09,box,28,NGEN,NervGen Pharma Corp.,1.7300000190734863,61.85992605907863,1.7300000190734863,3.377000093460083
2026-10-09,box,29,XFOR,"X4 Pharmaceuticals, Inc.",2.9100000858306885,61.639712797715745,2.990000009536743,4.569999933242798
2026-10-09,box,30,VSEC,VSE Corporation,173.6300048828125,61.52092604631644,160.0932159423828,227.5684051513672
2026-10-09,box,31,ADUR,Aduro Clean Technologies Inc.,11.109999656677246,60.51354346057835,10.3100004196167,16.824999809265137
2026-10-09,box,32,QS,QuantumScape Corporation,4.579999923706055,60.44916630020521,4.987500190734863,13.3100004196167
2026-10-09,box,33,OCUL,"Ocular Therapeutix, Inc.",7.539999961853027,60.401556806205484,7.400000095367432,10.789999961853027
2026-10-09,box,34,NRDS,"NerdWallet, Inc.",9.739999771118164,60.352919052787016,8.545000076293945,16.024999618530273
2026-10-09,box,35,IPX,IperionX Limited,16.479999542236328,60.21643153964565,20.520000457763672,50.470001220703125
2026-10-09,box,36,AMRC,"Ameresco, Inc.",21.329999923706055,59.63368722952493,20.31999969482422,34.67500114440918
2026-10-09,box,37,NIO,NIO Inc.,3.5799999237060547,57.97446291830288,3.7350000143051147,7.210000038146973
2026-10-09,box,38,HAPN,"Happen, Inc.",15.170000076293945,57.958761318104884,14.875,20.8799991607666
2026-10-09,box,39,RUM,RUM Group Inc.,6.960000038146973,57.056985300556974,5.659999847412109,10.5600004196167
2026-10-09,box,40,CABA,"Cabaletta Bio, Inc.",1.9299999475479126,56.60800245281963,2.0774999856948853,3.609999895095825
2026-10-09,box,41,ALXO,ALX Oncology Holdings Inc.,1.25,56.08307907131801,1.1699999570846558,1.75
2026-10-09,box,42,UA,"Under Armour, Inc.",4.78000020980835,55.838691516773274,4.474999904632568,7.580000162124634
2026-10-09,box,43,IVA,Inventiva S.A. - American Depos,3.1600000858306885,55.73493288773781,3.4100000858306885,6.699999809265137
2026-10-09,box,44,VLN,Valens Semiconductor Ltd.,1.7300000190734863,55.69662901177819,1.7549999952316284,3.369999885559082
2026-10-09,box,45,SPCE,"Virgin Galactic Holdings, Inc.",2.8399999141693115,55.41585514154157,2.7300000190734863,4.6000001430511475
2026-10-09,box,46,SRPT,"Sarepta Therapeutics, Inc.",17.850000381469727,55.207591791961065,15.869999885559082,23.5
2026-10-09,box,47,XPOF,"Xponential Fitness, Inc.",4.949999809265137,55.138146259905525,4.570000171661377,7.5950000286102295
2026-10-09,box,48,TNDM,"Tandem Diabetes Care, Inc.",16.110000610351562,54.98353370278803,13.835000038146973,23.635000228881836
2026-10-09,box,49,RNAC,"Cartesian Therapeutics, Inc.",7.054999828338623,54.778532334940934,6.355000019073486,8.99500036239624
2026-10-09,box,50,BBAR,Banco BBVA Argentina S.A.,12.649999618530273,54.292393310522904,12.554788589477539,21.83927345275879
2026-10-09,box,51,KLTR,"Kaltura, Inc.",1.3200000524520874,54.2621889913942,1.2300000190734863,1.8149999976158142
2026-10-09,box,52,IMTX,Immatics N.V.,7.429999828338623,54.10795948318412,7.0,12.720000267028809
2026-10-09,box,53,MX,Magnachip Semiconductor Corpora,3.119999885559082,54.057933644450564,2.680000066757202,4.6600000858306885
2026-10-09,box,54,AMBA,"Ambarella, Inc.",67.43000030517578,53.913791910269275,62.130001068115234,88.33999633789062
2026-10-09,box,55,HLLY,Holley Inc.,2.490000009536743,53.78655659465292,2.2200000286102295,4.070000171661377
2026-10-09,box,56,ATOM,Atomera Incorporated,4.159999847412109,53.784008118962255,4.152500033378601,9.447499752044678
2026-10-09,box,57,GLAS,Glass House Brands Inc. Subordi,4.260000228881836,53.57037796031692,4.9150002002716064,8.66450023651123
2026-10-09,box,58,FIGR,"Figure Technology Solutions, In",28.540000915527344,53.33146030221968,27.105000495910645,41.69000053405762
2026-10-09,box,59,MOMO,Hello Group Inc.,4.71999979019165,52.87635535575333,4.730213165283203,8.602058410644531
2026-10-09,box,60,KYTX,"Kyverna Therapeutics, Inc.",6.389999866485596,52.58374261130078,6.990000009536743,10.210000038146973
2026-10-09,box,61,URG,Ur Energy Inc,1.0099999904632568,52.19497642275091,1.0399999618530273,2.009999990463257
2026-10-09,box,62,BKKT,"Bakkt, Inc.",6.880000114440918,51.727782225044955,9.0,24.719999313354492
2026-10-09,box,63,AKBA,"Akebia Therapeutics, Inc.",0.8009999990463257,51.64705965334254,0.8650000095367432,1.899999976158142
2026-10-09,box,64,NN,NextNav Inc.,12.350000381469727,51.58916956140397,11.600000381469727,19.360000610351562
2026-10-09,box,65,FINW,FinWise Bancorp,10.989999771118164,51.21210815162947,10.819999694824219,21.200000762939453
2026-10-09,box,66,DOUG,Douglas Elliman Inc.,1.5499999523162842,50.77024502150329,1.5299999713897705,3.0399999618530273
2026-10-09,box,67,EXK,Endeavour Silver Corporation,8.649999618530273,50.70016826304581,7.659999847412109,11.46500015258789
2026-10-09,box,68,IONR,ioneer Ltd,2.9200000762939453,50.694733560834415,3.075000047683716,6.400000095367432
2026-10-09,box,69,LZ,"LegalZoom.com, Inc.",5.980000019073486,50.610311685369,5.990000009536743,10.260000228881836
2026-10-09,box,70,ONDS,Ondas Inc,6.730000019073486,50.377696691864216,6.730000019073486,11.135000228881836
2026-10-09,box,71,RCKT,"Rocket Pharmaceuticals, Inc.",2.559999942779541,50.06566901176316,2.8399999141693115,4.239999771118164
2026-10-09,box,72,GDRX,"GoodRx Holdings, Inc.",3.430000066757202,49.58109513331547,4.059999942779541,8.820000171661377
2026-10-09,box,73,GRRR,Gorilla Technology Group Inc.,11.130000114440918,49.514367752242805,10.815000057220459,15.539999961853027
2026-10-09,box,74,INGN,"Inogen, Inc",6.179999828338623,49.28692902040422,5.590000152587891,11.09000015258789
2026-10-09,box,75,CGC,Canopy Growth Corporation,0.8270000219345093,48.81256315131445,0.9494999945163727,1.7900000214576721
2026-10-09,box,76,ZG,"Zillow Group, Inc.",29.8700008392334,48.39406532384283,29.014999389648438,64.87999725341797
2026-10-09,box,77,LMND,"Lemonade, Inc.",46.459999084472656,48.04425962320478,49.029998779296875,74.81999969482422
2026-10-09,box,78,CLBT,Cellebrite DI Ltd.,11.260000228881836,47.87802150525221,11.484999656677246,16.610000610351562
2026-10-09,box,79,ATEC,"Alphatec Holdings, Inc.",10.670000076293945,47.2896250591856,8.90999984741211,18.799999237060547
2026-10-09,box,80,APLD,Applied Digital Corporation,23.68000030517578,47.11453377880975,23.420000076293945,43.96999931335449
2026-10-09,box,81,SNDL,SNDL Inc.,1.2200000286102295,46.75984610406603,1.2899999618530273,2.5
2026-10-09,box,82,MUX,McEwen Inc.,17.8799991607666,46.158939621475405,17.290000915527344,26.15999984741211
2026-10-09,box,83,ALT,"Altimmune, Inc.",2.609999895095825,45.595108413076396,3.5049999952316284,10.925000190734863
2026-10-09,box,84,BILI,Bilibili Inc.,15.489999771118164,45.57549152598313,15.970000267028809,29.65999984741211
2026-10-09,box,85,GLDG,GoldMining Inc.,0.8899999856948853,45.24955445518846,0.8199999928474426,1.6100000143051147
